ProductName,Total_quantity
Yoghurt Tubes,199724
Longos - Chicken Wings,199679
"Thyme - Lemon, Fresh",198567
Onion Powder,198163
Cream Of Tartar,198126
Dried Figs,198032
Apricots - Dried,198032
Towels - Paper / Kraft,198005
Wine - Redchard Merritt,197969
Hersey Shakes,197942
"Wine - Red, Harrow Estates, Cab",197910
Clam Nectar,197759
Beef - Short Loin,197725
Table Cloth 54x72 White,197671
Bouq All Italian - Primerba,197614
Black Currants,197614
"Beef - Chuck, Boneless",197584
Beer - Sleemans Cream Ale,197583
"Cheese - Boursin, Garlic / Herbs",197578
Beef - Montreal Smoked Brisket,197533
V8 - Berry Blend,197452
Cookies Cereal Nut,197343
Mussels - Cultivated,197318
Bread - Calabrese Baguette,197257
Appetizer - Mushroom Tart,197048
"Wine - Red, Cooking",197020
Flavouring - Orange,197003
Arizona - Green Tea,197002
Tea - Decaf Lipton,196983
"Pepper - White, Ground",196980
Wine - Sogrape Mateus Rose,196939
Beans - Kidney White,196935
Dc - Frozen Momji,196901
Muffin - Carrot Individual Wrap,196840
Baking Powder,196840
Duck - Breast,196795
Rambutan,196793
Isomalt,196760
"Chestnuts - Whole,canned",196753
"Pepper - Paprika, Hungarian",196743
"Wine - Magnotta, Merlot Sr Vqa",196739
Wonton Wrappers,196735
Wine - Ej Gallo Sierra Valley,196728
Extract - Lemon,196712
Tea - Jasmin Green,196624
Scallops - 10/20,196605
Wine - Blue Nun Qualitatswein,196594
Pears - Bosc,196588
French Pastry - Mini Chocolate,196577
Ezy Change Mophandle,196576
Chips Potato Salt Vinegar 43g,196574
Apricots - Halves,196533
Jolt Cola - Electric Blue,196430
"Potatoes - Instant, Mashed",196412
Sugar - Fine,196382
Ice Cream Bar - Oreo Cone,196363
"Appetizer - Mini Egg Roll, Shrimp",196353
Pop Shoppe Cream Soda,196352
"Lamb - Pieces, Diced",196346
"Pepsi - Diet, 355 Ml",196327
Lamb - Ground,196305
Pork - Inside,196263
Beef - Texas Style Burger,196250
"Soup - Campbells, Beef Barley",196234
Tia Maria,196210
Scallop - St. Jaques,196124
Cheese - Bocconcini,196113
Sausage - Liver,196092
Pastry - Butterscotch Baked,196081
Water - Spring Water 500ml,196075
Mustard - Seed,196066
Soup V8 Roasted Red Pepper,196065
Bread - English Muffin,196058
Ocean Spray - Ruby Red,196050
Grenadine,196031
Ecolab - Mikroklene 4/4 L,196011
Bread - Hot Dog Buns,196010
Peas - Frozen,196000
Eggplant - Asian,195991
Appetizer - Sausage Rolls,195960
Olives - Stuffed,195960
Lettuce - Treviso,195942
Wine - White Cab Sauv.on,195930
Ice Cream Bar - Hageen Daz To,195929
Banana Turning,195923
Bread Crumbs - Japanese Style,195920
Sea Bass - Whole,195913
Jagermeister,195913
Water - Aquafina Vitamin,195864
Barramundi,195859
Whmis - Spray Bottle Trigger,195842
Wine - Toasted Head,195798
Chinese Foods - Chicken,195787
Cheese - Victor Et Berthold,195765
Sardines,195761
"Wine - White, Schroder And Schyl",195760
Flour - Teff,195738
Snapple Lemon Tea,195718
Pork - Belly Fresh,195668
Pastry - Choclate Baked,195668
Cheese Cloth No 100,195660
Rice - Long Grain,195656
Wine - Wyndham Estate Bin 777,195650
Chocolate - Feathers,195647
Pickerel - Fillets,195639
Wanton Wrap,195638
"Beef - Tenderlion, Center Cut",195638
Ketchup - Tomato,195628
"Sole - Dover, Whole, Fresh",195618
Bread - Italian Roll With Herbs,195617
Cheese - Mozzarella,195592
Ecolab - Lime - A - Way 4/4 L,195549
Brandy - Bar,195541
Veal - Eye Of Round,195509
Bread - Rye,195496
Phyllo Dough,195491
Pasta - Cheese / Spinach Bauletti,195485
Beer - Rickards Red,195482
Ice Cream Bar - Drumstick,195467
"Mushrooms - Black, Dried",195456
Wine - Magnotta - Cab Sauv,195449
"Turkey - Whole, Fresh",195443
Juice - V8 Splash,195437
Crush - Cream Soda,195437
"Wine - Red, Colio Cabernet",195432
"Juice - Cranberry, 341 Ml",195431
Skirt - 29 Foot,195359
"Hickory Smoke, Liquid",195351
Table Cloth 81x81 White,195341
"Tart Shells - Sweet, 4",195340
"Water, Tap",195339
"Bar Mix - Pina Colada, 355 Ml",195318
Cinnamon Buns Sticky,195309
Wine - Vidal Icewine Magnotta,195300
Assorted Desserts,195294
Table Cloth - 53x69 Colour,195278
Sauerkraut,195273
Vanilla Beans,195273
"Lentils - Red, Dry",195254
Grouper - Fresh,195244
"Sauce - Gravy, Au Jus, Mix",195232
Kellogs Special K Cereal,195214
Kellogs All Bran Bars,195196
"Beer - Alexander Kieths, Pale Ale",195188
"Wine - White, Colubia Cresh",195170
Cattail Hearts,195170
"Rosemary - Primerba, Paste",195162
Beer - Original Organic Lager,195154
"Pork - Back, Short Cut, Boneless",195148
Cod - Black Whole Fillet,195146
Ocean Spray - Kiwi Strawberry,195128
"Salmon - Atlantic, Skin On",195104
Rosemary - Dry,195101
Cheese - Mix,195100
Corn Meal,195092
Muffin Batt - Blueberry Passion,195087
"Doilies - 5, Paper",195084
General Purpose Trigger,195076
Halibut - Steaks,195075
"Pepper - Black, Whole",195072
Truffle Cups - Brown,195061
"Soup - Canadian Pea, Dry Mix",195051
"Cheese - Brie, Triple Creme",195047
Sprouts - Baby Pea Tendrils,195046
Pasta - Angel Hair,195033
Juice - Apple Cider,195018
Chips Potato All Dressed - 43g,195009
Pastry - Raisin Muffin - Mini,195006
Gatorade - Xfactor Berry,195001
Foam Cup 6 Oz,194997
Nantucket - Pomegranate Pear,194997
Mangoes,194990
Macaroons - Two Bite Choc,194981
Tea - Herbal Sweet Dreams,194976
"Garlic - Primerba, Paste",194972
Vinegar - Tarragon,194971
Puree - Passion Fruit,194957
Beef - Top Sirloin - Aaa,194934
Scampi Tail,194934
Onions - Vidalia,194918
Hinge W Undercut,194916
Beef - Top Sirloin,194898
Mussels - Frozen,194892
Berry Brulee,194876
Pork - Hock And Feet Attached,194860
Cookies - Assorted,194856
Chef Hat 20cm,194836
Chocolate - Dark,194829
Sword Pick Asst,194818
Kiwi,194812
Anchovy Paste - 56 G Tube,194811
Tomato - Tricolor Cherry,194780
"Pork - Bacon, Double Smoked",194778
Wine - Fume Blanc Fetzer,194777
"Placemat - Scallop, White",194764
Cocoa Butter,194736
Carbonated Water - Cherry,194724
Garlic - Peeled,194723
"Fish - Scallops, Cold Smoked",194718
Blueberries,194690
Chicken - Wieners,194674
Flour - Pastry,194673
"Veal - Brisket, Provimi,bnls",194668
Nantuket Peach Orange,194653
Fenngreek Seed,194643
Cookie Dough - Double,194642
Bread Foccacia Whole,194642
Cheese - Cheddarsliced,194633
Squid U5 - Thailand,194619
Oil - Safflower,194596
Muffin Chocolate Individual Wrap,194590
"Pork - Loin, Bone - In",194555
Cheese - Wine,194550
Browning Caramel Glace,194540
Mayonnaise - Individual Pkg,194539
Wine - Valpolicella Masi,194498
Bandage - Fexible 1x3,194492
Pate - Cognac,194491
Cheese - Parmesan Grated,194490
Juice - Lime,194480
Tea - English Breakfast,194477
Beer - Labatt Blue,194466
Bandage - Flexible Neon,194464
Chocolate - Compound Coating,194447
Longos - Grilled Chicken With,194441
Crab - Imitation Flakes,194438
Bread - Raisin Walnut Oval,194415
Tahini Paste,194396
Grapes - Red,194385
Otomegusa Dashi Konbu,194359
Wiberg Super Cure,194359
Muffin Mix - Blueberry,194325
Veal - Slab Bacon,194322
"Lemonade - Natural, 591 Ml",194322
Beets - Mini Golden,194318
Coffee - Dark Roast,194311
"Coconut - Shredded, Sweet",194293
Beef - Ground Medium,194283
Creme De Banane - Marie,194278
Beef Ground Medium,194273
Milk - 1%,194271
Sausage - Breakfast,194261
"Oregano - Dry, Rubbed",194241
"Rum - Coconut, Malibu",194219
Table Cloth 120 Round White,194213
Zucchini - Yellow,194209
Soup - Campbells Bean Medley,194207
"Bread - Roll, Soft White Round",194188
Cake - Mini Cheesecake,194179
Potatoes - Idaho 100 Count,194167
Pecan Raisin - Tarts,194160
Smirnoff Green Apple Twist,194142
Fondant - Icing,194140
Artichokes - Jerusalem,194129
Table Cloth 62x114 White,194124
Napkin White - Starched,194120
Garbag Bags - Black,194115
Quiche Assorted,194104
Garlic - Elephant,194103
"Seedlings - Mix, Organic",194097
Vaccum Bag 10x13,194095
Vol Au Vents,194091
Bread Crumbs - Panko,194085
Pork - Kidney,194067
"Chocolate - Semi Sweet, Calets",194025
Sunflower Seed Raw,194009
Initation Crab Meat,193997
Bananas,193995
"Mushroom - Trumpet, Dry",193984
"Peas - Pigeon, Dry",193974
"Mushroom - Porcini, Dry",193971
Sage - Ground,193962
Cheese - Taleggio D.o.p.,193959
Scallops - Live In Shell,193952
Soup Knorr Chili With Beans,193949
"Beets - Candy Cane, Organic",193929
Sherry - Dry,193914
Tuna - Salad Premix,193904
"Liners - Banana, Paper",193904
"Pasta - Penne, Rigate, Dry",193903
Olives - Kalamata,193895
Lettuce - Frisee,193856
Chicken - Soup Base,193826
Cake - Cake Sheet Macaroon,193823
Longos - Grilled Salmon With Bbq,193814
Cornflakes,193810
Broom - Corn,193809
Crackers Cheez It,193802
"Orange - Canned, Mandarin",193788
Coffee Decaf Colombian,193781
"Bread - Roll, Canadian Dinner",193767
"Lamb - Whole, Fresh",193757
Rice - Jasmine Sented,193740
Salmon Steak - Cohoe 8 Oz,193729
Wine - Crozes Hermitage E.,193729
Bread - Italian Corn Meal Poly,193722
"Beef - Ground, Extra Lean, Fresh",193715
Tofu - Firm,193709
Pasta - Orecchiette,193706
Oil - Shortening - All - Purpose,193696
Cookie Chocolate Chip With,193683
"Turnip - White, Organic",193670
Bagel - Plain,193667
Bread - French Baquette,193665
"Oil - Shortening,liqud, Fry",193637
Dc Hikiage Hira Huba,193635
Olive - Spread Tapenade,193632
Wine - Ruffino Chianti,193631
Sauce - Rosee,193619
Bar - Granola Trail Mix Fruit Nut,193614
Cheese - Parmesan Cubes,193601
Veal - Inside,193581
Spinach - Baby,193569
Tilapia - Fillets,193555
Thermometer Digital,193534
"Water - Mineral, Natural",193531
Cheese - Camembert,193522
Carbonated Water - Blackcherry,193519
Bay Leaf,193501
Island Oasis - Mango Daiquiri,193496
Sobe - Tropical Energy,193488
Tomatoes Tear Drop,193480
"Nut - Chestnuts, Whole",193441
Veal - Osso Bucco,193441
Squid - Tubes / Tenticles 10/20,193438
Wine - Chablis 2003 Champs,193428
Durian Fruit,193426
Bread - Bistro White,193425
Cassis,193408
Loquat,193402
Wine - Two Oceans Cabernet,193379
"Chicken - Leg, Boneless",193375
Foam Dinner Plate,193356
Halibut - Fletches,193350
Cheese - Cambozola,193348
Coffee - Irish Cream,193345
Guinea Fowl,193309
Wine - Gato Negro Cabernet,193301
"Shrimp - Baby, Warm Water",193293
Bread Fig And Almond,193293
Pernod,193286
Knife Plastic - White,193279
Beef - Striploin Aa,193266
Milk Powder,193262
Salmon - Sockeye Raw,193259
Scallops 60/80 Iqf,193246
Shrimp - 31/40,193234
Muffin Batt - Choc Chk,193192
Curry Paste - Madras,193185
Wine - Chardonnay South,193182
Soupcontfoam16oz 116con,193166
Beans - Wax,193161
Beef - Prime Rib Aaa,193144
Cheese - Cottage Cheese,193138
Soupfoamcont12oz 112con,193137
Wine - Alsace Gewurztraminer,193086
"Pasta - Detalini, White, Fresh",193082
"Wine - White, Mosel Gold",193068
Onions - Cippolini,193059
"Spoon - Soup, Plastic",193053
"Soup - Campbells, Cream Of",193042
Langers - Ruby Red Grapfruit,193040
"Soup - Campbells, Lentil",193026
Sauce - Demi Glace,193021
"Veal - Inside, Choice",193010
Campari,192980
Wine - Pinot Noir Latour,192980
Papayas,192979
Steam Pan - Half Size Deep,192975
Gloves - Goldtouch Disposable,192966
Soup - Campbells Tomato Ravioli,192957
Pail With Metal Handle 16l White,192950
Juice - Orange,192949
Wine - Hardys Bankside Shiraz,192941
"Beans - Kidney, Canned",192939
"Salsify, Organic",192923
"Cheese - Brie,danish",192884
Pail For Lid 1537,192868
"Wine - Cahors Ac 2000, Clos",192838
Turkey - Oven Roast Breast,192819
"Beans - Kidney, Red Dry",192810
Beer - Blue,192808
Butter - Unsalted,192806
Fuji Apples,192803
Vinegar - Sherry,192798
Cup - Translucent 7 Oz Clear,192798
Pomello,192733
Remy Red,192714
Lettuce - Spring Mix,192712
Apricots Fresh,192708
Wasabi Powder,192698
Bread - Multigrain,192691
Sauce - Hollandaise,192648
Puree - Mocha,192522
Meldea Green Tea Liquor,192514
Hot Chocolate - Individual,192497
Lambcasing,192461
"Crab - Dungeness, Whole",192443
Crackers - Trio,192436
Rum - Mount Gay Eclipes,192423
Tray - 16in Rnd Blk,192395
Beef Wellington,192390
Wine - Prosecco Valdobiaddene,192389
Lime Cordial - Roses,192386
Sponge Cake Mix - Chocolate,192364
Cumin - Whole,192363
Raspberries - Fresh,192358
Pastry - Cheese Baked Scones,192346
Watercress,192194
Banana - Leaves,192170
Milk - 2%,192104
Lettuce - California Mix,192097
Garlic,192086
Fond - Neutral,192070
"Pork - Loin, Center Cut",192036
Ecolab - Solid Fusion,191996
Veal - Sweetbread,191993
Smoked Paprika,191953
Tea - Earl Grey,191944
Blackberries,191938
Pie Filling - Cherry,191911
Sprouts - Alfalfa,191910
Yeast Dry - Fermipan,191891
"Cup - 6oz, Foam",191828
Cake - Box Window 10x10x2.5,191823
Rabbit - Whole,191792
Cookie - Dough Variety,191762
Mustard Prepared,191752
"Yogurt - Blueberry, 175 Gr",191711
Juice - Happy Planet,191677
Yogurt - French Vanilla,191615
Water - Green Tea Refresher,191599
Soup Campbells - Italian Wedding,191423
Spice - Peppercorn Melange,191419
Pants Custom Dry Clean,191346
Garbage Bags - Clear,191316
Wine - Magnotta - Belpaese,191250
Flour - Whole Wheat,191235
Beef - Rib Eye Aaa,191175
Sun - Dried Tomatoes,191146
"Ice - Clear, 300 Lb For Carving",191014
Wine - Vineland Estate Semi - Dry,190972
Wine - Charddonnay Errazuriz,190972
Coffee - Hazelnut Cream,190924
Snapple - Iced Tea Peach,190916
Beef - Inside Round,190684
"Oranges - Navel, 72",190683
Cocktail Napkin Blue,190597
Bacardi Breezer - Tropical,190532
"Nut - Pistachio, Shelled",190465
Liners - Baking Cups,190370
Muffin - Zero Transfat,189906
